codca,id_traza,id_calles,nombre_calles
869,541,8549,44327
737,180,1376,44360
457,180,1368,151-CALLE 1
132,544,2581,44424
135,35,2582,44334
773,529,2583,44335
138,36,3261,44288
417,38,874556,44336
218,542,15003,44338
141,546,15002,22-CALLE 1
564,109,25404,22-CALLE 11
NULL,129,25405,22-CALLE 13
219,344,8513,22-CALLE 15
288,476,8507,22-CALLE 17
580,111,5603,22-CALLE 19
591,260,5604,22-CALLE 3
584,256,5598,22-CALLE 5
973,338,4585,22-CALLE 7
NULL,1005,4586,22-CALLE 9
610,112,4589,44432
NULL,1148,4594,44340
NULL,1149,4595,44341
NULL,NULL,7163,44437
826,159,7162,44289
279,634,8505,44230
6336,170,7165,44322
191,229,7215,81-PEATONAL 1
NULL,1140,25110,81-PEATONAL 4
933,585,25111,44386
239,663,25112,A. CAPDEVILLA
299,89,25116,A. LAMARQUE
940,290,25117,ÑAEMBE
17,5,25140,ÑANDU
455,444,25141,ÑANGAPIRÍ
NULL,450,25142,ABELARDO HECTOR DIMOTTA
902,341,25143,ABRAHAM BLUGERMAN
724,354,25144,ABREVADERO
253,61,25146,ACCESO A ERAGIA
338,482,25147,ACCESO A LASARETO
2683,715,25145,ACCESO A ROTONDA DE LA VIRGEN
7080,1026,25093,ACONCAGUA
641,116,25094,ACONQUIJA
851,171,25095,ACUÑA JUAN JOSE
583,255,25096,ADOLFO BIOY CASARES
529,105,25097,ADOLFO CIPRIANO (FITO) LEDESMA
115,30,25098,ADOLFO MORS
269,230,25099,ADOLFO PEREZ ESQUIVEL
850,296,25092,AGR. DOMINGO TASSANO
934,16,25118,AGUAÍ
118,538,25122,AGUAPEY
765,145,25123,AGUARA GUAZU
549,211,25124,AGUSTIN DONADO
1101,712,25125,AGUSTIN LARA
2652,465,25129,AGUSTIN MAZA
817,157,25130,AGUSTIN ONTIVEROS
705,226,25131,AGUTÍ
176,52,25132,ALBERDI
437,216,25133,ALBERTO CARLOS MEZA MARENGO
797,163,25134,ALBERTO DEVOTO
918,242,25135,ALCARAZ
985,424,25136,ALECRIN
669,119,25137,ALEJANDRIA
NULL,5,25138,ALEJANDRO BARRIOS
2178,1226,25139,ALEJANDRO DUMAS
577,110,7091,ALEJANDRO GALLARDO
92,660,8518,ALEJO CEBALLOS
NULL,401,8520,ALFONSINA STORNI
NULL,185,8524,ALFREDO BUFANO
720,189,8527,ALFREDO RUBEN VELASQUEZ
112,28,7213,ALGARROBO
768,181,7579,ALMIRANTE BROWN
1,1179,7648,ALTA GRACIA
46,11,7650,ALVEAR
719,62,7654,AMADO BOMPLAND
NULL,128,7663,AMADO PUYAU
563,36,7669,AMANDA ETCHEGUREN
496,531,7675,AMARILLA HIPOLITO JORGE DANIEL
NULL,246,7686,AMAZONAS
228,1179,7719,AMBAY
576,110,7720,AMBROSETTI
NULL,5,7867,AMERICO VESPUCIO
668,119,7950,ANDALUCIA
502,10,7955,ANGEL ACUÑA
NULL,10,7960,ANGEL HEREDIA
807,153,7964,ANGEL NAVEA
185,560,7967,ANGELA M. VILLAN
445,28,7980,ANIBAL MALDONADO
537,1179,8015,ANTEQUERAS
NULL,419,3785,ANTONIO NARIÑO
578,1195,3400,ANTONIO P. BALLERINI
73,615,3408,ANTONIO SAENZ
5006,51,3428,APEREA
783,182,3433,ARENALES
419,533,3501,ARGENTINA
670,119,3505,ARGENTINA ROJAS
1240,35,3506,ARGERICH
290,189,3521,ARISTOBULO DEL VALLE
297,189,3580,ARMANDO CARMELO ROMERO
103,628,3581,ARMANDO NELLI
93,660,3585,ARMENIA
59,16,3586,ARQ. MIGUEL ANGEL ROJAS
714,128,3600,ARQ. MIGUEL ROJAS
296,1179,3671,AV. ARTIGAS
959,127,3673,ARTURO DE CARRANZA
619,113,4657,AV.COSTANERA SUR JUAN PABLO II
663,292,5087,AVALOS OMAR ALBERTO
266,565,5088,AVE MARIA
906,239,7741,AVELINO FLORES
870,759,7743,AVIADOR J. CORREA FERNANDEZ
1142,69,7749,AYACUCHO
889,91,7750,AZCUENAGA
113,48,7755,BADAJOS
821,494,7760,BARAKALDO
642,116,7775,BARCELONA
NULL,448,7776,BARILOCHE
507,221,7819,BARTOLOME HIDALGO
197,566,7820,BASAVILBASO
161,552,7889,BELGICA
5010,131,7919,BELGRANO
805,379,7920,BELISARIO ROLDAN
240,737,7922,BELISARIO TISCORNIA
182,52,7998,BELLA VISTA
NULL,45,8033,BENAVIDEZ
1029,230,8034,BENITO LYNCH
656,147,8064,BENJAMIN FRANKLIN
31,8,8711,BERAZATEGUI
NULL,399,8801,BERNARDINO LOPEZ
632,115,9754,BERNARDO HOUSSAY
108,27,9755,BERNARDO MONTEAGUDO
796,374,9758,BICENTENARIO DE LA PATRIA
NULL,394,9768,BILBAO
75,20,9806,BLAS MARTINEZ RIERA
29,8,9816,BLAS PARERA
596,261,9817,BOLIVAR
508,222,9818,BOLIVIA
677,346,9834,BORDON HECTOR RAMON
162,519,9835,BOSTON
168,45,9837,BRASIL
NULL,1007,9838,BUENOS AIRES
754,140,9839,CAA CATI
171,376,9841,CABILDO
829,395,9843,CABO DE HORNOS
932,765,9844,CABO ROQUE E. SANCHEZ
639,524,9845,CABURE-Í
1106,719,9846,CACHO SAUCEDO
251,330,9847,CADIZ
2699,715,9848,CAFAYATE
323,622,9849,CALIFORNIA
1104,717,9850,CALINGASTA
1105,718,9851,CALLAO
1107,1166,9852,CALLE 1
362,777,9853,CALLE 106
7192,721,9854,CALLE 111
318,778,9855,CALLE 113
361,418,9856,CALLE 115
309,781,9857,CALLE 117
295,783,9858,CALLE 118
441,795,9859,CALLE 119
1122,658,9860,CALLE 122
1123,659,9861,CALLE 13
440,445,9862,CALLE 136
308,361,9863,CALLE 138
1134,620,9840,CALLE 146
454,358,2428,CALLE 147
1141,677,2431,CALLE 149
1254,79,8859,CALLE 154
NULL,80,8865,CALLE 156
1145,513,8869,CALLE 160
1146,514,8870,CALLE 171
390,515,8866,CALLE 172
1148,516,8867,CALLE 173
415,456,8868,CALLE 174
673,457,25442,CALLE 195
303,458,25443,CALLE 197
152,459,25444,CALLE 199
7191,460,25445,CALLE 2
444,461,25435,CALLE 201
676,462,7591,CALLE 204
371,463,7612,CALLE 206
491,464,7616,CALLE 21
2059,624,7617,CALLE 212
987,625,7639,CALLE 214
1177,651,7643,CALLE 220
1178,652,7680,CALLE 222
7020,526,7692,CALLE 224
2075,527,7693,CALLE 230
NULL,640,7695,CALLE 232
1195,97,7855,CALLE 240
NULL,231,7859,CALLE 246
NULL,232,7863,CALLE 259
2072,597,7871,CALLE 261
7019,598,7942,CALLE 273
357,587,7946,CALLE 3
6325,609,7984,CALLE 30
2057,779,7989,CALLE 302
2044,780,7993,CALLE 304
2042,782,8707,CALLE 32
2041,784,8708,CALLE 337
2043,785,8824,CALLE 341
1070,569,7029,CALLE 394
7023,454,7032,CALLE 396
1184,720,6987,CALLE 398
7036,775,6994,CALLE 4
6349,528,6980,CALLE 400
7070,676,4077,CALLE 402
NULL,172,4080,CALLE 414
NULL,794,4085,CALLE 415
NULL,173,4092,CALLE 416
2608,174,4098,CALLE 418
6288,173,8924,CALLE 42
2079,174,5014,CALLE 420
2070,402,24810,CALLE 421
2028,414,24815,CALLE 422
2029,415,24816,CALLE 424
2030,416,24817,CALLE 427
2031,417,24818,CALLE 444
391,768,24837,CALLE 445
NULL,174,24838,CALLE 446
2027,793,24839,CALLE 457
7015,98,24840,CALLE 46
1103,468,24841,CALLE 467
NULL,621,24811,CALLE 473
2063,469,24812,CALLE 477
7045,470,24813,CALLE 479
2065,471,24814,CALLE 480
7047,728,864,CALLE 481
2061,729,25090,CALLE 492
2671,472,25091,CALLE 494
2062,730,833,CALLE 5
2709,473,891,CALLE 502
398,1167,899,CALLE 506
2200,769,911,CALLE 507
7090,1159,916,CALLE 508
1958,75,838,CALLE 509
2342,76,5380,CALLE 510
6182,231,7078,CALLE 511
2656,1165,7310,CALLE 512
NULL,428,8200,CALLE 514
7193,429,8201,CALLE 515
7194,430,9109,CALLE 555
7196,432,8912,CALLE 570
1092,792,8907,CALLE 572
7197,99,9487,CALLE 577
7198,100,9730,CALLE 579
1001,703,9746,CALLE 580
NULL,704,9774,CALLE 581
345,705,3997,CALLE 582
NULL,1198,3998,CALLE 583
637,444,3999,CALLE 584
377,1037,4000,CALLE 585
8562,1193,4001,CALLE 587
359,588,5174,CALLE 591
NULL,1197,5179,CALLE 592
7037,1201,5260,CALLE 593
NULL,1002,2577,CALLE 595
2069,1047,2578,CALLE 596
2667,1048,713,CALLE 597
1017,996,724,CALLE 598
1045,997,714,CALLE 599
7103,998,723,CALLE 600
7109,1012,994,CALLE 601
7105,1021,2630,CALLE 602
7104,999,2637,CALLE 603
7181,1011,2639,CALLE 604
7140,1245,2658,CALLE 605
7106,1252,2740,CALLE 606
7141,1246,2752,CALLE 607
7107,1253,25188,CALLE 608
7142,1247,2656,CALLE 609
7143,1013,2703,CALLE 612
7144,1257,2261,CALLE 613
7110,1254,2648,CALLE 614
7145,1258,2649,CALLE 616
7146,743,335,CALLE 617
7111,1255,1219,CALLE 618
7147,1240,1225,CALLE 620
7112,1256,9778,CALLE 640
7148,1241,25246,CALLE 642
NULL,1000,9779,CALLE 66
7113,1239,25555,CALLE 66-1
7149,1242,1300,CALLE 664
7114,1017,1303,CALLE 66-5
7150,1243,24895,CALLE 666
7115,1203,24896,CALLE 668
7151,1244,24897,CALLE 669
7057,1017,24898,CALLE 670
7152,1022,6177,CALLE 672
7116,1259,6178,CALLE 68
NULL,1238,6184,CALLE 680
7154,1141,8567,CALLE 682
7117,1015,8568,CALLE 691
7155,1142,8574,CALLE 699
7118,1016,8575,CALLE 700
7156,1143,9489,CALLE 701
7119,743,8956,CALLE 702
7157,1134,8953,CALLE 703
7120,1018,8954,CALLE 712
7121,1206,8955,CALLE 717
7122,1207,25521,CALLE 722
7123,1208,9626,CALLE 725
7124,1209,5502,CALLE 726
7125,1210,5943,CALLE 727
7126,1014,874530,CALLE 729
7130,1212,874531,CALLE 733
7131,1213,5503,CALLE 734
7132,1214,6141,CALLE 738
7133,1215,6127,CALLE 741
7134,1216,874532,CALLE 743
7127,1020,9058,CALLE 750
1043,202,9059,CALLE 752
7135,1248,25450,CALLE 803
7136,1137,2310,CALLE 805
7137,1249,2413,CALLE 809
478,1205,9580,CALLE 819
7138,1138,2316,CALLE 821
7139,1250,2319,CALLE 824
7210,1211,786,CALLE 828
6271,1217,789,CALLE 832
7077,1050,791,CALLE 83-2
7076,1049,537,CALLE 83-4
7179,1230,538,CALLE 836
7195,431,922,CALLE 838
NULL,1144,923,CALLE 846
721,757,914,CALLE 848
499,764,915,CALLE 85
968,401,6572,CALLE 850
575,252,6554,CALLE 857
616,272,6555,CALLE 859
NULL,1004,6569,CALLE 860
1156,73,6928,CALLE 879
790,392,6933,CALLE 881
1198,604,6937,CALLE 883
574,110,6944,CALLE 885
2682,714,6954,CALLE 890
2035,443,6958,CALLE 894
742,234,6990,CALLE 903
2273,305,6991,CAMBA PUNTA
772,185,6995,CANADA
230,732,6999,CANADA DE GOMEZ
644,283,7002,CANCHARANA
50,13,7006,CANGALLO
2080,189,7018,CANTUTA
157,186,15028,CAP. JOSE LEONIDAS ARDILES
3,487,3426,CAP. LUCIANO GUADAGNINI
2680,705,3427,CAP. MANUEL OSCAR BUSTOS
1054,1132,3447,CAPI BARA
2239,28,3448,CAPILLA DEL MONTE
12,3,3452,CARACAS
NULL,1053,3453,CARAU
105,26,3483,CARAYA
945,134,3495,CARIBE
1110,66,3711,CARLOS ALBERTO CONTRERAS GOMEZ
958,254,4676,CARLOS ALBERTO FRIAS
914,136,4677,CARLOS ALBERTO MORATORIO
514,102,4678,CARLOS CASTELLAN
1086,698,4679,CARLOS E. CASTAGNINO
NULL,119,5272,CARLOS GUALBERTO MEZA
102,25,3499,CARLOS MARIA VARGAS GOMEZ
771,182,3500,CARLOS PELLEGRINI
19,760,4642,CARLOS PEREZ RUEDA
NULL,NULL,4643,CARLOS RUBEN MARCON
795,188,5688,CARLOS SAAVEDRA LAMAS
1084,696,5692,CARLOS TALAVERA
953,136,5681,CARMELO FERNANDEZ
47,12,7521,CARMEN FERRE DE ALSINA
NULL,394,7523,CARTAGENA
739,772,7525,CASTOR DE LEÓN
120,31,7527,CASTRO BARROS
915,152,7528,CATAMARCA
NULL,528,2447,CAZADORES CORRENTINOS
655,550,2449,CECILIA ALBA MAYO DE INGARAMO
7065,742,25520,CENTENARIO
908,1182,1750,CERDEÑA
982,384,1960,CERRITO
993,159,24744,CESAR A. GALVALIZ SILGUEIRA
873,397,24747,CESAR ALVAREZ
57,15,24748,CESAR MILSTEIN
2077,530,24749,CHACABUCO
100,627,24750,CHACO
571,109,24751,CHANGO PANIAGUA
NULL,261,24752,CHAVEZ
531,207,24753,CHILE
924,61,24745,CHUBUT
996,763,24746,CIERVO DE LOS PANTANOS
33,508,128,CIUDAD DE AREQUIPA
2,486,4830,CNEL. ARTAZA
27,7,1451,CNEL. DUPUY
2272,304,1454,CNEL. JOSE ZAPIOLA
2270,306,1432,CNEL. PRINGLES
2275,727,1441,CNEL. WENCESLAO MARTINEZ
6374,725,1483,COCHABAMBA
NULL,655,1591,COLOMBIA
190,55,1609,COLON
744,183,1599,COMODORO RIVADAVIA
7,1,1683,CONCORDIA
2676,38,1798,CONEXION RP 99- RP 5
293,692,1800,CONGRESO
875,43,1762,CONSEJAL JAIME VIUDES
148,547,1824,CORCEGA
2332,693,1833,CORDOBA
1074,571,1999,CORDOBA ALCIDES
2276,303,2001,CORINTO
NULL,776,2006,CORNELIO SAAVEDRA
306,131,1830,COSQUIN
NULL,119,4828,COSTANERA GRAL. SAN MARTIN
2274,307,4822,CRISTO OBRERO
592,382,874551,CRISTO REDENTOR
1089,702,25570,CRUZ DE LOS MILAGROS
NULL,262,4953,CRUZ DEL EJE
2050,689,5226,CRUZ DEL SUR
640,281,1769,CUBA
22,6,4829,CURA BROCHERO
367,164,1450,CURIYU
2051,690,1626,CURUZU CUATIA
NULL,1082,1625,DAMASIO ESQUIVEL
NULL,1082,2007,DARDO ROCHA
413,672,1468,DAVALOS
2053,436,1472,DE LA ROSA J.
7165,434,6914,DE LAFERRERE
2045,724,6953,DEL IV CENTENARIO
7176,688,6961,DESCARTES
1087,700,6957,DIAMANTE
2719,1131,7315,DIAZ DE SOLIS
1115,525,7314,DIAZ DE VIVAR
51,13,9352,DIEGO DE IRALA
NULL,36,9011,DOÑA ANGELA LLANO DE IGLESIA
7166,435,9012,DOÑA CARMEN LUBARY DE GARCIA
305,420,9013,DOÑA DOLORES VEDOYA DE MOLINA
922,275,9014,DOÑA INES ARIAS DE MANSILLA
376,483,9015,DOÑA JOSEFA DERQUI DE DIAZ COLODRERO
NULL,555,7047,DOÑA MARIA CLOTILDE LIBRADA NIELLA Y VALLEJOS DE AZCOAGA
18,505,7050,DOÑA MERCEDES CREMONTE
158,550,7026,DOÑA SINFOROSA ROLON Y RUBIO
941,187,7031,DOÑA TORIBIA SANTOS DE SOSA
473,148,25578,DOMINGO LASTRA
602,264,25579,DOMINGO MATHEU
828,387,25580,DON BOSCO
731,373,5454,DON JUAN C. GORDIOLLA NIELLA
938,551,5455,DON JUSTINO SOLARI
2635,745,5456,DON SAMUEL GUTNISKY
702,125,5662,DON VALMIRO AYALA GAUNA
166,553,5669,DORREGO
11,491,5668,DPTO. MERCEDES
506,220,9417,DR. A. LIFSCHITZ
1003,298,9418,DR. ALFREDO LANARI
16,5,392,DR. ANTONIO MAROTTOLI
2718,743,6716,DR. ANTONIO RAMON TERRAES
1010,299,6814,DR. ARMANDO ROMERO
2637,744,6786,DR. CARLOS BENITEZ
151,673,8157,DR. CLEMENTE MALDONADO
675,348,8158,DR. DIOCLES ALFREDO ISIDORO REVIDATTI
58,16,8160,DR. ESIO ARIEL SILVEIRA
627,278,8163,DR. FELIPE GERMAN FAGES
905,645,9151,DR. H. UNANUE
629,115,9565,DR. HIGINIO P. SCHIFFO
107,27,6605,DR. J.F. MUÑIZ
561,213,6727,DR. JORGE B. MEDINA
1094,704,6783,DR. JORGE MANUEL ROMERO
636,279,6767,DR. JOSE COLOMBRES
317,480,6769,DR. JOSE M. GUASTAVINO
645,135,6771,DR. LUIS FEDERICO LELOIR
2644,748,6820,DR. MANUEL CHERVIN
NULL,246,6824,DR. MANUEL GONZALEZ
671,655,6825,DR. MIGUEL SUSSINI
99,56,3928,DR. OSCAR LOMBARDERO
881,157,3929,DR. OSCAR PIRCHI
712,334,3930,DR. PEDRO ALBERTO CORREA
119,539,3931,DR. PRIMO M. COLODRERO
7060,84,3932,DR. RAMÓN CARRILLO
7059,83,3933,DR. RAMON CONTRERAS
7062,86,3934,DR. SALVADOR MAZZA
156,675,3935,DR. VALERIO BONASTRE
928,767,3936,DR. VARGAS GOMEZ
703,126,3937,DR. WENCESLAO DOMINGUEZ
NULL,1133,3938,DRA. BEATRIZ DALURZO
231,90,3939,E. LARRETA
167,543,3940,ECUADOR
979,761,4574,EDGAR EMILIO ESTIGARRIBIA
90,24,4575,EDUARDO MADERO
899,370,4576,EJERCITO ARGENTINO
963,368,4577,EL ÑANDU
2078,532,4921,EL ÑANDUBAY
133,34,4922,EL CARANCHO
25,507,5180,EL CARAU
272,95,8290,EL CARDENAL
801,4,8297,EL CEIBO
426,274,8301,EL CHOCON
1155,72,7227,EL DORADO
294,136,7222,EL HORNERO
170,47,7223,EL JACARANDA
NULL,167,9055,EL LIBERTADOR
553,108,7228,EL MAESTRO
696,332,9056,EL MIRADOR
1153,67,8562,EL PAJARO CARPINTERO
853,172,8563,EL PITOGUE
7085,451,6182,EL SAUCE
NULL,454,6183,EL TAITA DEL CHAMAME
590,259,6181,EL TREBOL
608,266,8570,EL URUNDAY
709,129,8571,EL ZORZAL
NULL,404,8572,ELCANO
381,360,5779,ELIAS ABAD
174,50,5783,ELISEO CORRALES
634,162,5941,ELISEO POPOLIZIO
559,108,5892,EMILIO CHAMORRO
82,22,5770,EMILIO JOSE NOYA
548,107,5772,EMPEDRADO
78,21,5432,ENRIQUE JASID
70,19,5895,ENTRE RIOS
13,3,5909,ERIC MARTINEZ
570,109,5908,ERNESTO AMADEY
15,4,5933,ERNESTO MEABE
76,20,5886,ERNESTO MONTIEL
626,114,5939,ERNESTO ROMEO CARNEVALLI
609,112,5767,ESCOCIA
81,22,282,ESMERALDA
84,23,283,ESPAÑA
67,18,284,ESPARTA
68,19,285,ESPINILLO
53,14,286,ESPRONCEDA
594,111,360,ESTADO DE ISRAEL
63,17,1471,ESTADOS UNIDOS
60,17,1482,ESTEBAN ADOLFO IBAÑEZ
184,787,1543,ESTEBAN BAJAC
65,18,1588,ESTEBAN DE QUIRINI
74,20,4879,ESTEBAN LAUREANO MARADONA
26,7,874447,ESTRELLA GUTIERREZ
1199,605,25269,EUGENIO BRAVO
1166,74,25270,EULOGIO CABRAL
199,570,4878,EULOGIO NESTOR AMARILLA
192,55,616,EUSTAQUIO MIÑO
756,135,618,EUSTAQUIO VERA
236,735,576,EVA PERON
803,551,577,EVARISTO FERNANDEZ RUDAZ
678,122,578,EVARISTO GONZALEZ
261,556,2903,EX COMBATIENTE DE MALVINAS ADOLFO DOMINGO TORRES
560,199,25500,EX COMBATIENTE DE MALVINAS JOSE LUIS TABARES
265,561,5558,EX COMBATIENTE DE MALVINAS SILVESTRE DE JESUS CANTEROS
981,762,8540,EX VIAS FFCC
862,176,8542,FACUNDO
886,137,8544,FACUNDO QUIROGA
276,642,8547,FALUCHO
865,178,27,FEDERICO ROBERTO BIBIANO PALMA
134,35,456,FELIPE J. B. LANARI ZUBIAUR
517,103,457,FELIX DE AZARA
1168,81,459,FERNANDEZ DE MORATIN
1005,271,1676,FERNANDEZ REMIGIO ANTONIO
568,201,1680,FERNANDO JOSE DIAZ ULLOQUE
39,362,1681,FERNANDO PESSOA
723,138,1668,FERNANDO ROMERO CORRALES
605,270,5252,FERRAU JOSE RAMON
781,182,9186,FERREYRA DIEGO
23,6,1134,FINLANDIA
37,9,1135,FITZ SIMON
621,113,1055,FLORENCIA
990,129,1058,FLORENCIO ESCARDO
983,160,1059,FLORENCIO VARELA
6338,172,1116,FLORENTINO AMEGHINO
NULL,1010,1121,FORMOSA
NULL,160,232,FRAGATA HERCULES
898,593,7374,FRAGATA LA ARGENTINA
NULL,595,7375,FRAGATA SARMIENTO
365,498,7382,FRANCESCO NICOLAS RUIZ MANSILLA
111,632,7384,FRANCIA
903,267,89844,FRANCISCO BLASCO Y FERNANDEZ DE MOREDA
824,159,150362,FRANCISCO DE BALBOA
965,594,6881,FRANCISCO MANZI
146,671,6966,FRANCISCO PIZARRO
NULL,53,6963,FRANCISCO RIZZUTO
378,301,6959,FRANCISCO ROMERO
7164,433,6879,FRANKLIN RUVEDA
NULL,353,6875,FRAY C. RODRIGUEZ
840,164,7007,FRAY IGNACIO MARIA MARTÍ Y PORTA
89,24,5388,FRAY J. DE LA QUINTANA
98,662,7164,FRAY LUIS BELTRAN
688,653,7135,FUTALEUFU
NULL,739,7148,GABINO CASCO
2681,706,7170,GABINO CORIA PEÑALOZA
1069,567,7156,GABRIELA MISTRAL
NULL,455,8483,GARCIA DE COSSIO
6333,169,7160,GARCIA RAMON
NULL,425,7167,GARCILAZO DE LA VEGA
1157,82,5757,GASCON
NULL,421,5760,GATO Y MANCHA
920,49,5762,GAVINO QUIROZ
586,257,5768,GDOR. AGUSTIN P. JUSTO
273,96,5801,GDOR. ANTONIO B. GALLINO
85,623,5810,GDOR. CNEL. SANTIAGO BAIBIENE
1160,679,5817,GDOR. DR. ADOLFO CONTTE
181,50,5819,GDOR. DR. BENJAMIN S. GONZALEZ
270,92,7431,GDOR. DR. BLAS B. DE LA VEGA
1229,16,7433,GDOR. DR. FELIPE J.CABRAL
929,117,7432,GDOR. DR. FERNANDO PIRAGINI NIVEIRO
524,190,7434,GDOR. DR. JOSE E. ROBERT
411,427,7430,GDOR. DR. JOSE R. GOMEZ
188,54,7435,GDOR. DR. JUAN E. MARTINEZ
372,228,3150,GDOR. DR. MARIANO I. LOZA
7084,449,5994,GDOR. DR. MARTIN GOITIA
944,289,5996,GDOR. DR. PEDRO N. SOTO
38,10,5991,GDOR. EVARISTO LOPEZ
409,559,9663,GDOR. GRAL. J.  VELAZCO
187,55,5999,GDOR. ING. VALENTIN VIRASORO
131,592,6010,GDOR. J. F. TORRENT
NULL,141,8591,GDOR. JOSE M. PAMPIN
379,224,8595,GDOR. JOSE M. ROLON
233,733,6191,GDOR. JUAN PUJOL
1200,608,6316,GDOR. JUAN VICENTE PAMPIN
30,8,6318,GDOR. JULIO ROMERO
1169,522,6320,GDOR. MANUEL I. LAGRAÑA
20,506,6322,GDOR. MIGUEL V. GELABERT
56,15,6312,GDOR. RAUL B. CASTILLO
123,32,6310,GDOR. RUIZ
126,33,8582,GERARDO PISARELLO
926,503,8586,GOMEZ MARIO
778,143,8587,GONZALEZ OSMAR LUIS
813,155,9223,GOROSTIAGA
109,664,9559,GORRITI
238,736,6613,GOYA
1062,708,6615,GRAL. JOAQUIN DE MADARIAGA
1097,707,6621,GRAL. PAUNERO
NULL,1001,6625,GRAL. PAZ
880,263,6629,GRANADA
527,205,6648,GRECIA
1085,699,6630,GREGORIO POMAR
79,21,25455,GUADALAJARA
600,263,8487,GUALEGUAYCHU
6340,173,2804,GUATEMALA
61,17,2803,GUAYAIBI
6339,794,2882,GUAYANAS
8,133,2883,GUAYAQUIL
848,169,2916,GUAYQUIRARO
543,193,2920,GUAZUNCHO
612,112,25416,GUEMES
304,112,25417,GUIDO SPANO
891,649,25418,GUILLERMO NUÑEZ
736,129,5171,GUILLERMO RAUL OJEDA
36,9,25419,GUILLERMO RAWSON
704,125,2908,GUIPUZCOA
346,268,2921,GUSTAVO MARTINEZ ZUBIRIA
730,135,5063,GUTNISKY
201,573,5064,HAITI
205,579,5062,HAWAII
225,245,2896,HECTOR JOSE BOO
237,584,2897,HERACLIO PEREZ
516,1126,2900,HERMANOS BARRIOS
849,169,5170,HERMINIO GIMENEZ
215,582,24764,HERNAN CORTEZ
212,581,24765,HERNAN FELIX GOMEZ
697,124,24766,HERNANDARIAS
351,586,24767,HEROES CIVILES
208,575,24768,HIPOLITO IRIGOYEN
204,577,24769,HONDURAS
155,44,24770,HORACIO QUIROGA
206,576,24771,HORNERO
512,240,24772,HORTENCIO QUIJANO
211,580,24773,HUELLA
674,121,24774,HUGO ASTERIO CABRAL
96,536,24762,HUMAHUACA
154,42,24763,HUNGRIA
1167,77,24757,IBERA
258,611,24754,INCIENSO
665,287,24758,INDEPENDENCIA
48,12,24759,INDONESIA
NULL,204,24760,ING. ELISA BEATRIZ BACHOFEN
248,474,24761,ING. JEAN COURBON
NULL,405,24755,ING. MANUEL EDUARDO GOMEZ VARA
NULL,406,24756,ING. PRILIDIANO PUEYRREDON
846,168,6462,INGLATERRA
259,357,6466,INSAURRALDE MARIO DE JESUS
511,238,6471,INT. LUIS BELASCOAIN
931,363,6419,ISACO ABITBOL
110,631,6412,ISLAS BALEARES
128,643,6420,ISMAEL GROSSO
129,638,6469,ITA IBATE
130,639,8439,ITALIA
847,168,8449,ITUZAINGO
217,583,8456,J. ALFREDO FERREYRA
536,248,8671,JAIME MAZZA
842,166,8729,JAMAICA
785,388,8730,JARDIN CORRENTINO
519,1128,734,JAVIER MARIA REPARAZ
97,64,733,JESUS MARIA
203,574,735,JOAQUIN ARQUEROS
845,167,765,JOAQUIN GARCIA
2654,467,771,JOAQUIN SHERIDAN
746,135,759,JOHNNY BERH
513,241,25292,JORGE AMADO
510,236,25293,JORGE ATLANTICO RODRIGUEZ
841,165,25294,JORGE BENCHETRIT MEDINA
121,636,25295,JORGE ISAAC
117,635,25296,JORGE R. BADARACCO
149,39,25297,JOSE ALBERTO MENDEZ
127,637,25298,JOSE CONTE
202,596,25299,JOSE DARRAGUEIRA
475,446,25300,JOSE DE OLAVARRIA
660,118,25301,JOSE FIGUEROA ALCORTA
7083,447,25302,JOSE HERNANDEZ
913,614,25303,JOSE IGNACIO AÑASCO
910,654,25304,JOSE INGENIEROS
NULL,403,25305,JOSE M. AGUIRRE
606,154,25306,JOSE MALABIA
884,371,25307,JOSE MANUEL ESTRADA
967,285,25308,JOSE MARIANO SERRANO
NULL,439,25309,JOSE MARMOL
650,117,25310,JOSE MARTI
NULL,88,25311,JOSE MORELOS
707,126,25312,JOSE NEGRO
194,562,25313,JOSE NICOLAS ALSINA
NULL,906,25314,JOSE NIELLA
264,562,25315,JOSE PACHECO DE MELO
991,152,25316,JOSE PLOTNICOFF
422,286,25317,JOSE R. VIDAL
687,237,25318,JOSE RAMON VIDAL
949,627,25319,JOSE ROLON
823,158,25320,JOSE SASSON
275,641,25321,JOSE T. GONZALEZ VEDOYA
980,378,25322,JOSE THAMES
667,294,25323,JOSE THELIER
729,352,25324,JOSE VALPUESTA
6337,171,25325,JOSEFINA CONTTE
810,771,25327,JUAN ANDRES SILVA
NULL,198,25328,JUAN ARMANDO GUIDOBONO
809,377,25329,JUAN CARLOS LUIS SEMPER
1125,684,25330,JUAN COLL
896,38,25331,JUAN DE AYOLAS
587,257,25332,JUAN DE DIOS GOMEZ
NULL,161,25333,JUAN DE GARAY
NULL,564,24777,JUAN GUTEMBERG
1171,525,24775,JUAN JOSE CASTELLI
787,423,24778,JUAN JOSE LUBARY
2663,723,24779,JUAN JOSE PASO
2648,747,24776,JUAN JOSE VIAMONTE
542,210,24780,JUAN KEPLER
147,41,24781,JUAN M. DE ROSAS
1132,521,24782,JUAN M. PUEYRREDON
NULL,1232,24783,JUAN N. SERRANO
950,182,24784,JUAN ORTIZ DE ZARATE
164,45,24785,JUAN PABLO I
44,11,9225,JUAN PABLO II
106,630,8339,"JUAN PEDRO ""QUIQUE"" SORRIBES"
1083,695,8471,JUAN R. FERNANDEZ
897,131,8472,JUAN R. GIMENEZ
595,490,8473,JUAN R. ROJAS
104,26,8474,JUAN RAMON VIDAL
7067,408,8475,JUAN RAUL SERRADORI
142,669,8489,JUAN ROMERO
NULL,453,8496,JUAN TORRES DE VERA Y ARAGON
893,426,8502,JUAN VUCETICH
666,291,8503,JUANA DE IBARBOUROU
6358,297,8504,JUANCITO EL PEREGRINO
267,63,8506,JUJUY
468,442,8508,JULIO ANTONIO CARDOZO
14,4,8512,JULIO CESAR LUJAN
235,734,8550,JULIO CORTAZAR
864,177,8551,JULIO DOMINGO CIVETTA
504,218,8721,JULIO MONTES
NULL,51,8722,JULIO VEDIA
1255,182,8725,JULIO VERNE
282,475,8738,JUNCAL
263,558,8739,JUNIN
997,383,8740,KLEIN SEGISMUNDO
452,67,8741,LA CALANDRIA
NULL,56,8742,LA CRUZ
693,123,8743,LA PAMPA
1112,711,8744,LA RIOJA
747,130,8745,LAMADRID
948,629,8746,LAPURDI
229,41,8747,LARREA
819,392,8748,LAS AMAPOLAS
NULL,1267,8749,LAS AZALEAS
349,225,8750,LAS AZUCENAS
745,355,8837,LAS CALENDULAS
458,375,8838,LAS CAMELIAS
774,184,8839,LAS CUEVAS
329,302,8840,LAS DALIAS
789,150,8841,LAS GARDENIAS
538,208,8842,LAS GARZAS
242,40,8843,LAS HERAS
7068,409,8844,LAS HORTENCIAS
1154,71,9057,LAS MARGARITAS
573,215,9169,LAS ORQUIDEAS
614,269,9170,LAS PIEDRAS
443,138,9171,LAS ROSAS
879,52,9172,LAS TERESITAS
856,173,9173,LAS TIJERETAS
NULL,87,9174,LAS VIOLETAS
1007,674,9175,LAVALLE
2636,746,9226,LEANDRO N. ALEM
497,683,7386,LEOPOLDO LUGONES
955,655,5951,LIBERTAD
160,273,9780,LINARES
1096,706,8110,LINCOLN
NULL,1008,8133,LISANDRO SEGOVIA
5,485,8134,LISBOA
NULL,756,8147,LOBITO DE RIO
243,738,8152,LOMAS
2182,12,8153,LOREIRO RUBEN ALBERTO
9,2,8228,LORETO
179,52,8793,LOS ALAMOS
435,146,8794,LOS ALELIES
535,247,8795,LOS ALPES
7001,599,8796,LOS ANDES
66,18,8797,LOS ARAUCANOS
94,661,8798,LOS ATACAMAS
NULL,499,8799,LOS CALCHAQUIES
NULL,6,9573,LOS CHARRUAS
200,572,4914,LOS CLAVELES
2801,572,351,LOS COCOS
2610,149,353,LOS COMECHINGONES
252,59,1170,LOS CONDORES
NULL,895,1165,LOS CRISANTEMOS
753,364,352,LOS DE IMAGUARE
NULL,113,1175,LOS FRESNOS
NULL,141,8484,LOS GLADIOLOS
175,578,25235,LOS GUARANIES
178,54,3623,LOS HERMANOS BARRIOS
820,381,3638,LOS LAURELES
198,568,4648,LOS LIRIOS
567,251,4649,LOS MALVONES
822,158,4647,LOS MATACOS
368,445,8180,LOS PUELCHES
613,295,8176,LOS TEHUELCHES
NULL,235,8845,LOS TILOS
651,283,8846,LOS TOBAS
NULL,400,8969,LOS TULIPANES
NULL,686,6840,LUCIA SOTO
888,665,6837,LUIS BRAILLE
1126,60,6845,LUIS FERREYRA (JUAN PAYE)
NULL,837,6861,LUIS MARIA BABIN
80,22,6405,LUIS MOJARRITA AGUERO
710,127,8440,LUIS NAVARRETE
1099,709,8443,LUJAN
1100,710,6410,LUNITA DEL TARAGUI
45,11,58000,LUQUE DANIEL OMAR
139,37,5530,LUZURIAGA
748,139,6426,LYON
NULL,616,6427,M. DE CABRERA
285,517,6333,MACIEL IRENEO OSVALDO
NULL,294,6452,MADARIAGA
882,329,6428,MADRE TERESA DE CALCUTA
593,310,6434,MADRID
NULL,602,6453,MAGALLANES
738,589,6444,MAIPÚ
695,321,6445,MALAGA
556,196,6457,MALTA
62,500,3969,MALVINAS ARGENTINAS
876,214,4775,MANAGUA
750,29,890,MANANTIALES
901,350,898,MANUEL ACEVEDO
337,656,894,MANUEL ALBERTI
319,590,882,MANUEL MUJICA LAINEZ
618,591,887,MANUEL PUIG
232,644,732,MANUEL VICENTE FIGUERERO
977,385,736,MAR DE AJO
923,41,749,MAR DEL PLATA
708,328,752,MARACAIBO
227,499,795,MARCELO BREARD
10,489,799,MARCELO DE LA TORRE
927,188,821,MARCOS SASTRE
692,337,692,MARECHAL
624,312,884,MARGARITA KOFMAN DE SHVETZ
428,339,820,MARIA EDITH DAVILA DE SOTO
972,667,877,MARIA TERESA VILLONE
280,504,7011,MARIANO A. IGARZABAL
646,282,9113,MARIANO BOEDO
393,327,9110,MARIANO CADENAS
2006,610,9111,MARIANO MORENO
878,349,9112,MARILI MORALES SEGOVIA
169,770,7012,MARIO BOFIL
552,195,7036,MARIO JOSE PAYES
493,318,261,MARIO MILLAN MEDINA
224,492,1163,MARSELLA
544,194,1168,MARTIN FIERRO
672,336,9256,MATIAS PIPET
NULL,347,9257,MBIGUA
917,326,25212,MBURUCUYA
NULL,34,256,MEDALLA MILAGROSA
114,537,25569,MEDRANO
2245,340,7722,MENDOZA
782,791,7723,MERCEDARIA
757,365,7724,MERCEDES CREMONTE
718,308,7725,MERCEDITAS
420,316,7729,MERCEDITAS DE SAN MARTIN
523,1174,7764,MESOPOTAMIA
489,314,7782,MEXICO
NULL,35,7801,MEZA RAMON ANTONIO
137,345,7825,MIAMI
223,488,7829,MICHEL SHERIDAN
414,206,7833,MIGUEL CANE
500,646,7888,MIGUEL DEL CORRO
861,549,7895,MIGUEL SUSSINI
492,639,7904,MILAN
700,323,7912,MIRTA BEATRIZ BLANCO
487,325,7928,MISIONES
6368,657,8004,MOCITO ACUÑA
975,241,8027,MOCORETA
2664,613,8040,MONTE CASEROS
343,491,8058,MONTES DE OCA
620,311,8071,MTRO. SEVERO FERNANDEZ
558,309,8088,MURCIA
314,151,8101,NAHUEL HUAPI
153,42,8115,NAPOLES
633,0,8130,NARCISO LAPRIDA
42,511,8135,NAZARIO BENAVIDEZ
2004,264,1299,NECOCHEA
334,284,1316,NELLY VASQUEZ DE MORESI
533,191,1349,NEUQUEN
638,281,1302,NEVADA
534,751,1308,NIÑO JESUS
976,534,1352,NICANOR MOLINAS
226,495,4843,NICARAGUA
352,493,1340,NINI FLORES
740,324,1345,NITY CIGERSA
NULL,612,1309,NIZA
4,485,7500,NORMANDIA
373,351,7501,NTRA. SEÑORA DE LA ASUNCION
1136,618,7502,NTRA. SRA. DE LOURDES
1137,619,7503,NUÑEZ CABEZA DE VACA
1138,617,7504,NUEVA ZELANDA
2246,606,2277,NULL
NULL,755,6228,OBISPO NIELLA
2033,61,6232,OBREGON PABLO
6359,754,6246,ODIN FLEITAS
2082,41,6251,OLEGARIO VICTOR ANDRADE
2085,484,6206,OLIVOS
1022,212,8432,OMAR LEIVA
1078,563,8433,OMBU
1706,165,8434,ORAN
1702,896,8442,ORTIZ RESTITUTO
1119,174,7127,OSCAR CASCO
NULL,1171,9258,OSCAR KRISKOVICH CIBILS
NULL,280,7140,OSVALDO MEABE
1059,1231,7100,OSVALDO SORIANO
1196,933,7103,OSVALDO SOSA CORDERO
NULL,359,7134,PABLO NERUDA
1030,750,7095,PABLO PICASSO
NULL,1199,874545,PABLO PIZZURNO
2037,1229,7111,PABLO VI
6143,687,9180,PACA-A
6451,826,2351,PADRE BORGATTI
1108,40,1143,PADRE ISIDRO BLANCO VEGA
145,39,9260,PADRE JOSE LUIS SCHMIDT
2007,197,9259,PADRE JUAN GUIDO LUCHETTI
628,276,380,PADRE JULIO
1235,68,383,PADRE LAVAGNA
699,322,4996,PAGO LARGO
939,117,4997,PAIUBRE
2003,520,5019,PALERMO
863,116,874549,PALMAR GRANDE
793,1151,8882,PALMERAS
439,93,8887,PARAGUAY
28,496,8883,PARARÁ
6020,335,8884,PASAJE 6
664,315,8885,PASAJE 757
NULL,1102,8886,PASAJE 759
NULL,1103,9036,PASCUAL RUIZ HUIDOBRO
NULL,1104,9037,PASEO DE LA PATRIA GRANDE
NULL,1105,9038,PASEO DE LOS MURALES
NULL,1106,9261,PASIONARIA
NULL,1107,7320,PASIONARIASUR
NULL,1108,7321,PATAGONIA
NULL,1109,7166,PAUL GROUSSAC
NULL,1110,6522,PAUL HARRIS
NULL,1111,6517,PAULA ALBARRACIN
NULL,1112,6492,PAYSANDU
NULL,1113,6493,PEATONAL MBIGUE
NULL,1114,6512,PEATONAL VENADO DE LAS PAMPAS
NULL,1115,6486,PEATONAL YABIRÚ
NULL,1116,9167,PEDERNERA
NULL,1117,9168,PEDRO ARAOZ
NULL,1188,4217,PEDRO BONIFACIO PALACIOS ALMAFUERTE
NULL,1190,4204,PEDRO CELESTINO MONTENEGRO
NULL,341,4209,PEDRO CENTENO
NULL,367,4215,PEDRO COLODRERO
NULL,37,4216,PEDRO DE CIERVI
NULL,374,4260,PEDRO DE LA PLAZA
NULL,57,4261,PEDRO ESNAOLA
NULL,673,4262,PEDRO FERRE
NULL,674,4263,PEDRO FRANCISCO MORESI
NULL,677,4264,PEDRO J. LECONTE REYNA
NULL,813,4265,PEDRO LAPLACE
NULL,814,4267,PEDRO LEON GALLO
NULL,815,4560,PEDRO MENDOZA
NULL,816,4561,PEDRO PASCASIO ENRIQUEZ
NULL,820,4562,PEDRO PILU GOMEZ
NULL,821,4563,PEDRO QUEVEDO
NULL,822,4564,PEDRO URIARTE
NULL,823,4565,PEREZ BULNES
NULL,839,4566,PEREZ ROBERTO EULALIO
NULL,840,4567,PEREZ VICENTE RAMON
NULL,841,4568,PERGAMINO
NULL,881,4926,PERITO MORENO
NULL,884,4927,PERPETUA MARIA LLANO DE RODRIGUEZ
NULL,889,4928,PERU
NULL,930,4929,PERUGORRIA
NULL,931,4930,PETERIBÍ
NULL,937,4931,PIO X
NULL,938,4932,PIO XI
NULL,939,4933,PIO XII
NULL,940,5119,PIROVANO
NULL,947,5120,PITAGORAS
NULL,948,5161,PJE S/N
NULL,949,5163,PJE. 126
NULL,950,5164,PJE. 175
883,497,5166,PJE. 177
691,320,5257,PJE. 179
450,106,5258,PJE. 19
900,501,9262,PJE. 297
954,293,9263,PJE. 3
661,2,9264,PJE. 3 DE MAYO
844,398,5529,PJE. 349
358,58,6353,PJE. 361
283,366,6357,PJE. 363
871,277,6366,PJE. 364
86,589,6359,PJE. 389
2238,192,24942,PJE. 4
7000,24,24943,PJE. 58
321,369,24944,PJE. 662
256,647,24945,PJE. 731
268,317,24946,PJE. 733
686,313,24947,PJE. 735
539,752,24948,PJE. 739
690,319,24949,PJE. 751
547,107,15004,PJE. 76
611,535,24950,PJE. 761
NULL,753,24951,PJE. 762
680,331,24952,PJE. 763
2647,466,24953,PJE. ACOSTA
763,343,24954,PJE. AGUSTIN GONZALEZ
43,512,2848,PJE. ALBERTO COSTAS
816,380,2852,PJE. ALVAREZ
2047,726,2858,PJE. ANTARTIDA ARGENTINA
1163,685,2863,PJE. ANTONIO BERUTTI
NULL,166,3504,PJE. ARTIGAS
2052,691,3509,PJE. ASCASUBI
7169,438,3522,PJE. ATENAS
1042,529,3523,PJE. AURORA
1117,528,5275,PJE. AUSTRALIA
1088,701,7610,PJE. AYOHUMA
1002,227,7611,PJE. BARADERO
344,680,7633,PJE. BARRANQUERAS
1093,697,7638,PJE. BELCASTRO
NULL,NULL,7727,PJE. BELEN
210,580,7784,PJE. BIRAN
216,607,7787,PJE. BOVER
207,601,7799,PJE. CAA GUAZU
354,170,7803,PJE. CABRAL
209,603,7827,PJE. CAMPANA
213,581,7835,PJE. CANDIOTI
186,582,7839,PJE. CARLOS M. OCANTO
177,50,7898,PJE. CASTELLANOS
814,156,7899,PJE. CATUEGNO
565,200,7906,PJE. CHASCOMUS
974,156,7910,PJE. D`ANDREA
300,477,7930,PJE. DANTE
743,56,8006,PJE. DANUBIO
122,32,8025,PJE. DETROIT
116,30,8042,PJE. DOMINGO FRENCH
653,284,8056,PJE. DON ORIONE
NULL,13,8073,PJE. EDELMAN
546,249,8086,PJE. EL CARTERO
348,955,8103,PJE. FARIÑA
NULL,1135,8113,PJE. FCO. GALINDEZ
71,502,8132,PJE. FLORIDA
777,38,2461,PJE. GALARZA
165,554,3301,PJE. GARRIDO
54,14,3302,PJE. GARRUCHOS
5011,258,4091,PJE. GASSIEBAYLE
433,668,4095,PJE. GILLERMO VILLANUEVA
582,254,2473,PJE. GRANADERO
356,144,2469,PJE. GROENLANDIA
509,223,2463,PJE. GUARDIAMARINA JOSE FERRE
956,46,1486,PJE. HERRERA
735,129,1034,PJE. HIPOLITO VIEYTES
681,43,251,PJE. HUDSON
284,13,254,PJE. IBARRA
579,253,1038,PJE. IRUPE
859,175,381,PJE. ISLAS CANARIAS
751,131,1030,PJE. ISLAS MALVINAS
555,250,1025,PJE. ISLAS ORCADAS
7069,410,399,PJE. ITUZAINGO
662,118,4995,PJE. JAZMIN
946,233,5097,PJE. JUAN A. GUERI
7081,1027,5098,PJE. JUAN J. FERNANDEZ BLANCO
271,94,1042,PJE. LA MERCED
2684,716,7988,PJE. LA ROSADA
77,21,8020,PJE. LAFONT
7167,437,8055,PJE. LAPACHO
287,662,8072,PJE. LAPLACE
978,676,8089,PJE. LAS FLORES
140,44,8098,PJE. LEVENNE R.
1111,708,9139,PJE. LONDRES
741,758,8014,PJE. LOPEZ Y PLANES
NULL,1052,8013,PJE. LOS ANGELES
NULL,1224,8045,PJE. LOS ESTEROS
NULL,694,8121,PJE. LUJAMBIO
NULL,703,7642,PJE. MANUEL MANTILLA
635,138,7653,PJE. MISIONES
2333,411,7660,PJE. MITRE
937,626,7662,PJE. MOLINA PUNTA
254,1225,7679,PJE. MORGAN
2176,1196,7779,PJE. N 119
989,1228,7790,PJE. NIÑO JESUS
NULL,734,7794,PJE. NTRA. SRA. DE POMPEYA
2170,113,7798,PJE. NUEVA JERSEY
NULL,0,7802,PJE. OLAZABAL
NULL,1,7815,PJE. ORTIZ
NULL,10,7818,PJE. PARIS
NULL,1006,6289,PJE. PEDRO BONASTRE
NULL,1013,6241,PJE. PRAGA
NULL,1017,6244,PJE. RECOVA
NULL,1023,6305,PJE. REVIDATTI
NULL,1024,9555,PJE. ROBERT
NULL,1025,6234,PJE. ROMERO
NULL,1026,6248,PJE. S/N
NULL,1028,2216,PJE. S/N (1102)
NULL,1029,2218,PJE. S/N (1110)
NULL,1030,2220,PJE. S/N (1111)
NULL,1031,9516,PJE. S/N (1112)
NULL,1032,3889,PJE. S/N (1113)
NULL,1033,632,PJE. S/N (1114)
NULL,1034,633,PJE. S/N (1115)
NULL,1035,682,PJE. S/N (1116)
NULL,1037,2898,PJE. S/N (1117)
NULL,1038,2906,PJE. S/N (341)
NULL,1039,5314,PJE. S/N (57)
NULL,1040,2910,PJE. S/N (813)
NULL,1041,2909,PJE. S/N (814)
NULL,1042,7112,PJE. S/N (815)
NULL,1043,8476,PJE. S/N (816)
NULL,1044,8477,PJE. S/N (884)
NULL,1045,8478,PJE. S/N (889)
NULL,1046,8479,PJE. S/N (930)
NULL,1047,8480,PJE. S/N (931)
NULL,1051,8481,PJE. S/N (937)
NULL,1055,8482,PJE. S/N (938)
NULL,1056,8652,PJE. S/N (939)
NULL,1057,8653,PJE. S/N (940)
NULL,1058,7114,PJE. SAENZ
NULL,1059,7117,PJE. SAMELA
NULL,1060,8941,PJE. SAN NICOLAS
NULL,1061,8939,PJE. SANDRA SILGUERO CERULLO
NULL,1062,10003,PJE. SANTA JULIA
NULL,1063,25236,PJE. SARMIENTO
NULL,1064,229,PJE. SGTO. MAYOR ATIENZA
NULL,1065,230,PJE. SOLARI
NULL,1066,1056,PJE. TABARE
NULL,1067,1123,PJE. TEMPERLEY
NULL,1068,1127,PJE. TOMAS GUIDO
NULL,1069,1129,PJE. TORRENT
NULL,1070,1130,PJE. TORRENT DE TORRENT
NULL,1071,5307,PJE. TRANSITO COCOMAROLA
NULL,1072,2274,PJE. VERSALLES
NULL,1073,2275,PJE. VESUBIO
NULL,1074,2278,PJE. VIRGEN DEL ROSARIO
NULL,1075,3365,PJE. VIRGEN MARIA AUXILIADORA
NULL,1076,4780,PJE.LA FALDA
NULL,1077,9651,PJE.TOMAS MANUEL DE ANCHORENA
NULL,1078,1198,PLACIDO MARTINEZ
NULL,1079,1204,PLAYA MIRAMAR
NULL,1080,1178,PLAZA BARRIO COLLANTES
NULL,1081,1184,PLINIO FAVILLA
NULL,1083,1192,PLUMERILLO
NULL,1084,1208,POCHO ROCH
NULL,1085,3976,PORFIRIO ANTONIO AQUINO
NULL,1086,9653,POSADAS
NULL,1087,562,POTOSI
NULL,1088,563,PRIMERA JUNTA
NULL,1089,564,PROF. CARLOS I. GOITIA
NULL,1090,626,PROF. CARMEN JUANA GAUNA
NULL,1091,630,PROF. DR. FRANCISCO FERNANDEZ BLASCO DE LA MOREDA
NULL,1092,2901,PROF. FLORENCIO GODOY CRUZ
NULL,1093,9499,PROF. GUSTAVO REVIDATTI
NULL,1094,25438,PROF. JOSE IRIGOYEN
NULL,1095,25447,PROF. PEDRO CRESPO
NULL,1096,25439,PROF. PEDRO GRABRE
NULL,1097,25440,PROL. FLORENCIO ESCARDÓ
NULL,1098,4859,PROL. VIRGEN DE SCHOENSTATT
NULL,1099,5243,PROLOG. JOSE NIELLA
NULL,110,87,PROLONG. ALCARAZ
NULL,1100,9874,PROLONG. ALTA GRACIA
NULL,1101,9875,PROLONG. ARISTOBULO DEL VALLE
NULL,1118,25411,PROLONG. CABO DE HORNOS
NULL,1119,25412,PROLONG. CALLE 202
NULL,1120,874522,PROLONG. CALLE 459
NULL,1121,9876,PROLONG. CALLE ACONQUIJA
NULL,1122,3666,PROLONG. CALLE EL LIBERTADOR
NULL,1123,25585,PROLONG. CALLE HUMAUACA
NULL,1124,25586,PROLONG. CALLE LOS ANDES
NULL,1125,25587,PROLONG. DIEGO DE IRALA
NULL,1127,5637,PROLONG. DR. H. UNANUE
NULL,1129,5665,PROLONG. E. LARRETA
NULL,1130,9272,PROLONG. ESTOCOLMO
NULL,1136,9273,PROLONG. GUADALAJARA
NULL,1139,9274,PROLONG. JOSE CONTE
NULL,1146,9421,PROLONG. JOSE VALPUESTA
NULL,1147,9422,PROLONG. LUCIA SOTO
NULL,1150,5638,PROLONG. MADRE TERESA DE CALCUTA
NULL,1152,5664,PROLONG. MARIANO BOEDO
NULL,1153,9423,PROLONG. PJE. ITUZAINGO
NULL,1155,9424,PROLONG. PJE. PRAGA
NULL,1156,5341,PROLONG. PJE. SAN NICOLAS
NULL,1157,7335,PROLONG. PJE. TORRENT DE TORRENT
NULL,1161,9266,PROLONG. TILCARA
NULL,1162,9427,PROLONG. TOBIAS GARZON
NULL,1163,9428,PROLONG. TUPUNGATO
NULL,1168,9429,PROLONG. YOFRE
NULL,1169,9430,PROLONGACION CALLE 22
NULL,1170,9431,PROLONGACION DR. OSCAR PIRCHI
NULL,1172,9579,PROSPERO SANTILLAN
NULL,1173,5466,PROV. DE BIZKAIA
NULL,1175,5467,PROVINCIAS UNIDAS
NULL,1176,7336,PTE TTE.  GRAL. JUAN D.PERON
NULL,1177,5463,PTE. ARTURO ILLIA
NULL,1178,5464,PTE. DR. ARTURO FRONDIZI
NULL,1183,5465,PTE. DR. RAUL R. ALFONSIN
NULL,1184,5632,PTE. NICOLAS AVELLANEDA
NULL,1185,5657,PUENTE GRAL MANUEL BELGRANO
NULL,1186,15022,PUNTA ÑARO
NULL,1189,15023,PUNTA ARAZATY
NULL,1191,5399,PUNTA MITRE
NULL,1192,5460,PUNTA MOGOTES
NULL,1194,5461,PUNTA SAN SEBASTIAN
NULL,1200,5462,PUNTA TACUARA
NULL,1202,7404,PUNTA VIDAL
NULL,1203,7405,QUEBRACHO
NULL,1204,7406,QUINQUELA MARTIN
NULL,1218,25595,QUITO
NULL,1219,5457,RAFAEL BARRIOS
NULL,1220,5458,RAFAEL LOPEZ
NULL,1221,5459,RAFAEL OBLIGADO
NULL,1222,5658,RAFAEL R. VILELLAS
NULL,1223,5659,RAFAELA
NULL,1233,9275,RAMON CIRILO BLANCO
NULL,1234,5448,RAMON FELIX MORAY
NULL,1235,5449,RAMON SIXTO RIOS
NULL,1236,5450,RAMON TITO ARANDA
NULL,1237,25596,RAMOS MEJIA
NULL,126,874536,RAUL ALBERTO BALBASTRO
NULL,1260,2401,RAUL DE LABOUGLE
NULL,1261,2406,RAUL SCALABRINI ORTIZ
NULL,1262,2375,RECONQUISTA
NULL,1263,2374,REGIMIENTO DE INFANTERIA 9
NULL,1264,2377,REGIMIENTO DE PATRICIOS
NULL,1265,2378,REINALDO BRUQUETAS
NULL,1266,2408,REMEDIOS DE ESCALADA
NULL,146,2372,RENÉ FAVALORO
NULL,169,2373,RENACIMIENTO
NULL,174,5675,RENE FAVALORO
NULL,176,5673,REP. DOMINICANA
NULL,177,9276,REPUBLICA DEL LIBANO
NULL,178,9513,RESOAGLI
NULL,185,9604,RICARDO GUIRALDES
NULL,242,5446,RICARDO GUTIERREZ
NULL,265,5672,RICARDO JUAN GUILLERMO HARVEY
NULL,267,9515,RICARDO ROJAS
NULL,299,9371,RIO BERMEJO
NULL,30,4991,RIO CUARTO
NULL,337,208,RIO DE JANEIRO
NULL,341,215,RIO DULCE
NULL,35,182,RIO GALLEGOS
NULL,356,2329,RIO IGUAZU
NULL,359,132,RIO JURAMENTO
NULL,374,133,RIO LIMAY
NULL,376,206,RIO LUJAN
NULL,389,2331,RIO MIRIÑAY
NULL,394,2332,RIO NEGRO
NULL,404,2337,RIO TERCERO
NULL,405,2338,RIQUELME SECUNDINO
NULL,406,2343,RITO FLORENCIO PORTILLO
NULL,407,130,RIVADAVIA
NULL,413,113,ROBERT KOCH
NULL,47,115,ROBERTO ARLT
NULL,477,117,ROBERTO GIUSTI
NULL,52,9716,ROBERTO LEYES
NULL,524,874543,ROBERTO YEDRO
NULL,545,120,ROCA
NULL,548,5649,RODOLFO TELECHEA
NULL,56,9277,RODRIGUEZ PEÑA
NULL,59,9278,ROMA
NULL,595,9279,ROMILIO P. MONZON
NULL,599,9790,ROMULO GREGORIO ARTIEDA
NULL,600,5648,ROQUE LIBRADO GONZALEZ
NULL,61,9280,ROSENDO ARIAS
NULL,612,9281,ROTONDA ARGENTINA ROJAS
NULL,621,9282,ROTONDA DE LA VIRGEN
NULL,627,25226,ROTONDA NINI FLORES
NULL,63,25414,ROTONDA SANTA CATALINA
NULL,632,25413,RUBEN DRI
NULL,634,1292,RUBEN L.PALMEIRO
NULL,655,1281,RUIZ DIAZ GABINO
NULL,656,5647,RUMANIA
NULL,657,9283,RUTA NACIONAL 12 - BARTOLOME MITRE
NULL,66,9284,RUTA PROVINCIAL 3
NULL,664,9285,RUTA PROVINCIAL 43
NULL,681,5646,RUTA PROVINCIAL 46
NULL,69,9286,RUTA PROVINCIAL 5
NULL,7,9287,RUTA PROVINCIAL 99
NULL,70,5645,S/N
NULL,704,9288,S/N (0)
NULL,708,5644,S/N (1)
NULL,719,9289,S/N (10)
NULL,756,5643,S/N (1013)
NULL,760,9290,S/N (1017)
NULL,761,5642,S/N (1029)
NULL,769,5641,S/N (1034)
NULL,774,1322,S/N (1041)
NULL,775,1325,S/N (1043)
NULL,78,9537,S/N (1044)
NULL,792,694,S/N (1045)
NULL,796,9937,S/N (1046)
NULL,797,9938,S/N (1047)
NULL,798,9939,S/N (1060)
NULL,799,9940,S/N (1073)
NULL,800,6325,S/N (1078)
NULL,801,6327,S/N (1079)
NULL,802,6314,S/N (1083)
NULL,803,6328,S/N (1088)
NULL,804,6331,S/N (1089)
NULL,805,6237,S/N (1090)
NULL,806,6202,S/N (1091)
NULL,807,5539,S/N (1092)
NULL,808,5548,S/N (1093)
NULL,809,6311,S/N (1094)
NULL,81,9557,S/N (1095)
NULL,810,6317,S/N (1096)
NULL,811,6330,S/N (1097)
NULL,812,25225,S/N (1098)
NULL,813,5396,S/N (1099)
NULL,815,5653,S/N (110)
NULL,817,9299,S/N (1119)
NULL,818,9300,S/N (1120)
NULL,819,5629,S/N (1121)
NULL,824,9301,S/N (1122)
NULL,825,5654,S/N (1123)
NULL,827,9302,S/N (1124)
NULL,828,9871,S/N (1125)
NULL,829,9872,S/N (1136)
NULL,830,25437,S/N (1139)
NULL,831,5398,S/N (1146)
NULL,832,5655,S/N (1147)
NULL,833,9303,S/N (1152)
NULL,834,9304,S/N (1153)
NULL,835,5656,S/N (1155)
NULL,836,9305,S/N (1156)
NULL,838,5660,S/N (1157)
NULL,842,460,S/N (1161)
NULL,843,5633,S/N (1163)
NULL,844,5634,S/N (1169)
NULL,845,874517,S/N (1170)
NULL,846,874518,S/N (1172)
NULL,847,5635,S/N (1176)
NULL,848,9384,S/N (1177)
NULL,849,9385,S/N (1178)
NULL,850,9386,S/N (1184)
NULL,851,9387,S/N (1186)
NULL,852,9388,S/N (1189)
NULL,853,9389,S/N (1191)
NULL,854,25268,S/N (1192)
NULL,855,7333,S/N (1202)
NULL,856,7334,S/N (1203)
NULL,857,9291,S/N (1204)
NULL,858,9292,S/N (1219)
NULL,859,5661,S/N (1220)
NULL,860,9390,S/N (1221)
NULL,861,9391,S/N (1222)
NULL,862,9392,S/N (1223)
NULL,863,9393,S/N (1233)
NULL,864,9394,S/N (1234)
NULL,865,9395,S/N (1235)
NULL,866,25051,S/N (1236)
NULL,867,25054,S/N (1237)
NULL,868,9519,S/N (126)
NULL,869,319,S/N (1260)
NULL,870,1627,S/N (1261)
NULL,871,9717,S/N (1262)
NULL,872,9715,S/N (1264)
NULL,873,313,S/N (1265)
NULL,874,1604,S/N (1266)
NULL,875,1615,S/N (1267)
NULL,876,1618,S/N (1268)
NULL,877,1646,S/N (1269)
NULL,878,266,S/N (146)
NULL,879,1624,S/N (174)
NULL,880,1614,S/N (178)
NULL,882,314,S/N (185)
NULL,883,25213,S/N (242)
NULL,885,25214,S/N (265)
NULL,886,321,S/N (267)
NULL,887,322,S/N (337)
NULL,888,5639,S/N (356)
NULL,890,9425,S/N (405)
NULL,892,9426,S/N (407)
NULL,893,874515,S/N (52)
NULL,894,874516,S/N (524)
NULL,896,622,S/N (545)
NULL,897,4851,S/N (56)
NULL,898,9589,S/N (59)
NULL,899,269,S/N (595)
NULL,900,270,S/N (599)
NULL,901,346,S/N (600)
NULL,902,348,S/N (61)
NULL,903,366,S/N (612)
NULL,904,367,S/N (621)
NULL,905,368,S/N (63)
NULL,907,369,S/N (656)
NULL,908,25566,S/N (66)
NULL,909,300,S/N (681)
NULL,910,370,S/N (70)
NULL,911,371,S/N (756)
NULL,912,25568,S/N (760)
NULL,913,298,S/N (761)
NULL,914,299,S/N (792)
NULL,915,359,S/N (796)
NULL,916,358,S/N (797)
NULL,917,685,S/N (798)
NULL,918,2618,S/N (801)
NULL,919,2631,S/N (804)
NULL,920,9535,S/N (805)
NULL,921,9533,S/N (806)
NULL,922,9534,S/N (807)
NULL,923,9609,S/N (808)
NULL,924,688,S/N (809)
NULL,925,2619,S/N (813)
NULL,926,9524,S/N (815)
NULL,927,25433,S/N (824)
NULL,928,25434,S/N (838)
NULL,929,1460,S/N (842)
NULL,932,1419,S/N (843)
NULL,933,1459,S/N (844)
NULL,934,1424,S/N (845)
NULL,935,1453,S/N (846)
NULL,941,4848,S/N (847)
NULL,942,5159,S/N (848)
NULL,943,1423,S/N (849)
NULL,944,1462,S/N (850)
NULL,945,4934,S/N (851)
NULL,946,874535,S/N (852)
NULL,95,276,S/N (853)
NULL,951,1452,S/N (854)
NULL,952,277,S/N (855)
NULL,953,278,S/N (856)
NULL,954,1425,S/N (857)
NULL,956,4960,S/N (858)
NULL,957,5222,S/N (859)
NULL,958,4959,S/N (860)
NULL,959,5225,S/N (861)
NULL,960,5223,S/N (862)
NULL,961,5224,S/N (863)
NULL,962,5663,S/N (864)
NULL,963,9402,S/N (865)
NULL,964,9403,S/N (867)
NULL,965,9404,S/N (868)
NULL,966,9405,S/N (869)
NULL,967,9406,S/N (870)
NULL,968,9407,S/N (871)
NULL,969,9408,S/N (872)
NULL,970,25052,S/N (873)
NULL,971,25053,S/N (874)
NULL,972,1428,S/N (875)
NULL,973,1448,S/N (876)
NULL,974,511,S/N (877)
NULL,976,1455,S/N (880)
NULL,978,4838,S/N (882)
NULL,979,4837,S/N (883)
NULL,980,1447,S/N (885)
NULL,981,5158,S/N (886)
NULL,982,4839,S/N (887)
NULL,983,5650,S/N (888)
NULL,984,9396,S/N (890)
NULL,985,9397,S/N (894)
NULL,986,9398,S/N (896)
NULL,987,9399,S/N (900)
NULL,988,9400,S/N (912)
NULL,989,9401,S/N (915)
NULL,990,4967,S/N (916)
NULL,991,4968,S/N (921)
NULL,992,4966,S/N (925)
NULL,993,4965,S/N (926)
NULL,994,4969,S/N (927)
NULL,995,5651,S/N (928)
505,219,9409,S/N (932)
733,244,9410,S/N (933)
NULL,NULL,9411,S/N (935)
NULL,NULL,9412,S/N (943)
32,101,1435,S/N (95)
2641,749,1449,S/N (953)
792,45,4950,S/N (956)
872,142,9777,S/N (957)
40,10,1433,S/N (958)
52,14,1440,S/N (959)
21,6,5652,S/N (960)
625,114,9413,S/N (961)
1024,789,9414,S/N (962)
1061,741,211,S/N (963)
1051,58,213,S/N (966)
657,288,3395,S/N (969)
6138,412,9457,S/N (970)
6139,413,9899,S/N (971)
877,135,9905,S/N (973)
798,370,10032,S/N (974)
55,15,9915,S/N (976)
95,626,58754,S/N (978)
NULL,788,15016,S/N (979)
2674,660,19854,S/N (980)
91,24,15015,S/N (983)
486,650,7383,S/N (987)
336,774,9382,S/N (989)
603,342,9383,S/N (990)
947,217,8944,S/N (991)
1197,603,8919,S/N (993)
NULL,16,9898,SALADAS
163,1225,9901,SALAMANCA
35,509,10013,SALIDA A R.N. N12
246,300,9913,SALIDA A R.P.No 5
34,203,10015,SALTA
7061,85,10016,SALVADOR MIQUERI
316,233,9900,SAMOHU
701,333,9914,SAMUEL MORSE
526,104,10017,SAN FRANCISCO DE ASIS
698,510,10018,SAN JUAN
962,241,9896,SAN LORENZO
NULL,174,10014,SAN LUIS
755,139,9894,SAN MARCELO
964,390,9895,SAN MARTIN
1102,713,9897,SAN MIGUEL
832,396,9878,SAN RAFAEL
NULL,1006,9890,SANCHEZ DE BUSTAMANTE
6,1,9891,SANCHEZ DE LORIA
NULL,1009,9892,SANCHEZ JUAN SIMON
995,117,9893,SANCHEZ ROQUE EVARISTO
136,36,9918,SANTA ANA
855,174,9906,SANTA CATALINA
904,28,10019,SANTA CRUZ
815,156,9916,SANTA ERCILIA
866,179,9917,SANTA FE
1162,682,8950,SANTA LIBRADA
NULL,1003,9456,SANTA LUCIA
769,181,9476,SANTA RITA
833,391,9477,SANTA ROSA
7018,600,9483,SANTIAGO DEL ESTERO
479,62,9484,SANTIAGO LINIERS
970,422,9886,SANTIAGO ZIBELMAN
220,407,9887,SANTO DOMINGO
540,209,9888,SANTO TOME
631,115,9889,SARA SAENZ CAVIA DE MORALES TORRE
281,56,9907,SARGENTO ANIBAL MAXIMO SOTELO
324,481,9908,SARMIENTO
150,386,9920,SEBASTIAN GABOTO
88,24,9927,SENADOR MANCINI
257,78,9928,SENILLOSA
49,518,9909,SEVILLA
786,150,9910,SGTO. BAIGORRIA
734,57,9921,SGTO. JUAN B. CABRAL
960,128,9944,SGTO. LEMOS
7025,670,9948,SICILIA
24,7,9922,SILVERIO RAMIREZ
1170,523,9941,SILVINA OCAMPO
278,633,10012,SIMON MUCHNIK
935,773,9923,SIRACUSA
830,389,9942,SOCOMPA
255,65,10011,SOR ASSUNTA
195,55,9924,SRA. ERMIDA MOREYRA DE SILVA
779,766,9943,SUECIA
193,59,5335,SUINDA
69,19,9486,SUIPACHA
NULL,1003,9929,SUIRIRÍ
752,132,9930,SUIZA
2221,681,9931,TACUARI
589,259,9911,TAFI DEL VALLE
298,367,9912,TALA
868,175,9932,TAMPICO
183,558,9933,TARAGUI
260,52,9919,TARTAGAL
825,30,10006,TERESA DE CALCUTA
83,23,10007,TETEU
262,557,10008,TIERRA DEL FUEGO
909,372,5365,TILCARA
911,548,9447,TIMBO
7038,70,9448,TIMOTEO GRILLO
427,141,9449,TOBIAS GARZON
245,185,10005,TOLEDO LORENZO GABRIEL
NULL,401,5362,TOLOSA
1159,678,9455,TOMAS EDISON
2060,722,5366,TOMAS FORTUNATO GEHAN
7163,441,9450,TOMAS GODOY CRUZ
7082,681,9451,TOMAS MAYOL
912,130,9925,TONTAL
315,879,9926,TRANSITO COCOMAROLA
222,731,5367,TREBOL DE ASES
NULL,478,8908,TRENTO
7101,740,9452,TRES SARGENTOS
NULL,452,9475,TRIUNVIRATO
843,166,9478,TTE. ALFREDO JORGE ALBERTO VAZQUEZ
241,259,9479,TTE. CARLOS ALBERTO BENITEZ
448,545,9480,TTE. CUNDOM
NULL,1006,9481,TTE. DANIEL ANTONIO JUKIC
806,648,9482,TTE. IBAÑEZ
456,440,9879,TTE. JUAN JOSE ARRARAS
274,666,5351,TTE. SIMON NIELLA
355,54,874528,TUCUMAN
124,540,874527,TULIO FRANCISCO MARIÑO
857,50,874526,TULIO OSCAR RIERA
NULL,1054,874525,TUNUYAN